{
  "project_info": {
    "project_number": "1026613366700",
    "project_id": "shringar-mandir",
    "storage_bucket": "shringar-mandir.appspot.com"
  },
  "client": [
    {
      "client_info": {
        "mobilesdk_app_id": "1:1026613366700:android:57606dff06242288667409",
        "android_client_info": {
          "package_name": "com.example.shringarmandir"
        }
      },
      "oauth_client": [
        {
          "client_id": "1026613366700-jenkef9cmf6gm9mh1c21gb157n99kibd.apps.googleusercontent.com",
          "client_type": 3
        }
      ],
      "api_key": [
        {
          "current_key": "AIzaSyBsOWt0ku25m6Iulkv8rM117NYsq7XWABQ"
        }
      ],
      "services": {
        "appinvite_service": {
          "other_platform_oauth_client": [
            {
              "client_id": "1026613366700-jenkef9cmf6gm9mh1c21gb157n99kibd.apps.googleusercontent.com",
              "client_type": 3
            }
          ]
        }
      }
    }
  ],
  "configuration_version": "1"
}